direccionalidad;máximos;promedios
0;0.9957173250742357;0.9999999999999999
1;0.9957536963169223;0.9999999999999999
2;0.9999999999999999;0.9999999999999999
