direccionalidad;máximos;promedios
0;0.9612520292878102;0.7802197802197801
1;0.9175824175824175;0.9945054945054945
2;0.9876212919459094;0.989010989010989
