direccionalidad;máximos;promedios
0;1.0;1.0
1;0.9725274725274725;0.9945054945054945
2;0.9725274725274725;1.0
