direccionalidad;máximos;promedios
0;0.8516483516483516;0.9560439560439561
1;0.9381026756366436;0.9601109495518729
2;0.998625428903524;0.9505494505494506
