direccionalidad;máximos;promedios
0;0.9972489631508746;0.9725274725274725
1;0.9835164835164836;0.9725274725274725
2;1.0;0.9945054945054945
