direccionalidad;máximos;promedios
0;0.9970887856713804;0.969309258988296
1;0.8058341944688384;0.9656607807009061
2;0.9815193740778329;0.969309258988296
